{
    "span": 12,
    "stations": [-6, 6],
    "chords": [1, 1],
    "cl_alphas": [6.283185307179586,
                6.283185307179586],
    "alpha_l0s": [0, 0],
    "thetas": [0, 0]
}